date,states,positive,negative,posNeg,pending,death,total
20200304,14,118,748,866,103,,969
20200305,24,176,953,1129,197,,1326
20200306,36,223,1571,1794,458,,2252
20200307,51,341,1809,2150,602,,2752
20200308,51,417,2335,2752,347,,3099
20200309,51,584,3367,3951,313,,4264
20200310,51,778,3807,4585,469,,5054
20200311,51,1053,5978,7031,563,27,7617
20200312,51,1315,7949,9264,673,36,9966
20200313,51,1922,13613,15535,1130,39,16665
20200314,51,2450,17102,19552,1236,49,20789
20200315,51,3173,22548,25721,2242,60,27963
20200316,56,4019,36104,40123,1691,71,41714
20200317,56,5723,47604,53327,1687,90,54957
20200318,56,7731,66225,73956,2538,112,76495
20200319,56,11723,89119,100842,3025,160,103867